<?xml version="1.0" encoding="UTF-8"?>
<checkstyle version="8.18">
<file name="D:\02-1.BadaV2-1\connect\kafka-connect-jdbc-v1\src\main\java\io\confluent\connect\jdbc\dialect\DatabaseDialect.java">
</file>
<file name="D:\02-1.BadaV2-1\connect\kafka-connect-jdbc-v1\src\main\java\io\confluent\connect\jdbc\dialect\DatabaseDialectProvider.java">
</file>
<file name="D:\02-1.BadaV2-1\connect\kafka-connect-jdbc-v1\src\main\java\io\confluent\connect\jdbc\dialect\DatabaseDialects.java">
</file>
<file name="D:\02-1.BadaV2-1\connect\kafka-connect-jdbc-v1\src\main\java\io\confluent\connect\jdbc\dialect\Db2DatabaseDialect.java">
</file>
<file name="D:\02-1.BadaV2-1\connect\kafka-connect-jdbc-v1\src\main\java\io\confluent\connect\jdbc\dialect\DerbyDatabaseDialect.java">
</file>
<file name="D:\02-1.BadaV2-1\connect\kafka-connect-jdbc-v1\src\main\java\io\confluent\connect\jdbc\dialect\DropOptions.java">
</file>
<file name="D:\02-1.BadaV2-1\connect\kafka-connect-jdbc-v1\src\main\java\io\confluent\connect\jdbc\dialect\GenericDatabaseDialect.java">
</file>
<file name="D:\02-1.BadaV2-1\connect\kafka-connect-jdbc-v1\src\main\java\io\confluent\connect\jdbc\dialect\MySqlDatabaseDialect.java">
</file>
<file name="D:\02-1.BadaV2-1\connect\kafka-connect-jdbc-v1\src\main\java\io\confluent\connect\jdbc\dialect\OracleDatabaseDialect.java">
</file>
<file name="D:\02-1.BadaV2-1\connect\kafka-connect-jdbc-v1\src\main\java\io\confluent\connect\jdbc\dialect\PostgreSqlDatabaseDialect.java">
</file>
<file name="D:\02-1.BadaV2-1\connect\kafka-connect-jdbc-v1\src\main\java\io\confluent\connect\jdbc\dialect\SapHanaDatabaseDialect.java">
</file>
<file name="D:\02-1.BadaV2-1\connect\kafka-connect-jdbc-v1\src\main\java\io\confluent\connect\jdbc\dialect\SqliteDatabaseDialect.java">
</file>
<file name="D:\02-1.BadaV2-1\connect\kafka-connect-jdbc-v1\src\main\java\io\confluent\connect\jdbc\dialect\SqlServerDatabaseDialect.java">
</file>
<file name="D:\02-1.BadaV2-1\connect\kafka-connect-jdbc-v1\src\main\java\io\confluent\connect\jdbc\dialect\SybaseDatabaseDialect.java">
</file>
<file name="D:\02-1.BadaV2-1\connect\kafka-connect-jdbc-v1\src\main\java\io\confluent\connect\jdbc\dialect\VerticaDatabaseDialect.java">
</file>
<file name="D:\02-1.BadaV2-1\connect\kafka-connect-jdbc-v1\src\main\java\io\confluent\connect\jdbc\JdbcSourceConnector.java">
</file>
<file name="D:\02-1.BadaV2-1\connect\kafka-connect-jdbc-v1\src\main\java\io\confluent\connect\jdbc\sink\BufferedRecords.java">
</file>
<file name="D:\02-1.BadaV2-1\connect\kafka-connect-jdbc-v1\src\main\java\io\confluent\connect\jdbc\sink\DbStructure.java">
</file>
<file name="D:\02-1.BadaV2-1\connect\kafka-connect-jdbc-v1\src\main\java\io\confluent\connect\jdbc\sink\JdbcDbWriter.java">
</file>
<file name="D:\02-1.BadaV2-1\connect\kafka-connect-jdbc-v1\src\main\java\io\confluent\connect\jdbc\sink\JdbcSinkConfig.java">
</file>
<file name="D:\02-1.BadaV2-1\connect\kafka-connect-jdbc-v1\src\main\java\io\confluent\connect\jdbc\sink\JdbcSinkTask.java">
</file>
<file name="D:\02-1.BadaV2-1\connect\kafka-connect-jdbc-v1\src\main\java\io\confluent\connect\jdbc\sink\metadata\FieldsMetadata.java">
</file>
<file name="D:\02-1.BadaV2-1\connect\kafka-connect-jdbc-v1\src\main\java\io\confluent\connect\jdbc\sink\metadata\SchemaPair.java">
</file>
<file name="D:\02-1.BadaV2-1\connect\kafka-connect-jdbc-v1\src\main\java\io\confluent\connect\jdbc\sink\metadata\SinkRecordField.java">
</file>
<file name="D:\02-1.BadaV2-1\connect\kafka-connect-jdbc-v1\src\main\java\io\confluent\connect\jdbc\sink\PreparedStatementBinder.java">
</file>
<file name="D:\02-1.BadaV2-1\connect\kafka-connect-jdbc-v1\src\main\java\io\confluent\connect\jdbc\sink\RecordValidator.java">
</file>
<file name="D:\02-1.BadaV2-1\connect\kafka-connect-jdbc-v1\src\main\java\io\confluent\connect\jdbc\sink\TableAlterOrCreateException.java">
</file>
<file name="D:\02-1.BadaV2-1\connect\kafka-connect-jdbc-v1\src\main\java\io\confluent\connect\jdbc\source\BulkTableQuerier.java">
</file>
<file name="D:\02-1.BadaV2-1\connect\kafka-connect-jdbc-v1\src\main\java\io\confluent\connect\jdbc\source\ColumnMapping.java">
</file>
<file name="D:\02-1.BadaV2-1\connect\kafka-connect-jdbc-v1\src\main\java\io\confluent\connect\jdbc\source\JdbcSourceConnectorConfig.java">
</file>
<file name="D:\02-1.BadaV2-1\connect\kafka-connect-jdbc-v1\src\main\java\io\confluent\connect\jdbc\source\JdbcSourceConnectorConstants.java">
</file>
<file name="D:\02-1.BadaV2-1\connect\kafka-connect-jdbc-v1\src\main\java\io\confluent\connect\jdbc\source\JdbcSourceTask.java">
</file>
<file name="D:\02-1.BadaV2-1\connect\kafka-connect-jdbc-v1\src\main\java\io\confluent\connect\jdbc\source\JdbcSourceTaskConfig.java">
</file>
<file name="D:\02-1.BadaV2-1\connect\kafka-connect-jdbc-v1\src\main\java\io\confluent\connect\jdbc\source\OffsetProtocols.java">
</file>
<file name="D:\02-1.BadaV2-1\connect\kafka-connect-jdbc-v1\src\main\java\io\confluent\connect\jdbc\source\SchemaMapping.java">
</file>
<file name="D:\02-1.BadaV2-1\connect\kafka-connect-jdbc-v1\src\main\java\io\confluent\connect\jdbc\source\TableMonitorThread.java">
</file>
<file name="D:\02-1.BadaV2-1\connect\kafka-connect-jdbc-v1\src\main\java\io\confluent\connect\jdbc\source\TableQuerier.java">
</file>
<file name="D:\02-1.BadaV2-1\connect\kafka-connect-jdbc-v1\src\main\java\io\confluent\connect\jdbc\source\TimestampIncrementingCriteria.java">
</file>
<file name="D:\02-1.BadaV2-1\connect\kafka-connect-jdbc-v1\src\main\java\io\confluent\connect\jdbc\source\TimestampIncrementingOffset.java">
</file>
<file name="D:\02-1.BadaV2-1\connect\kafka-connect-jdbc-v1\src\main\java\io\confluent\connect\jdbc\source\TimestampIncrementingTableQuerier.java">
</file>
<file name="D:\02-1.BadaV2-1\connect\kafka-connect-jdbc-v1\src\main\java\io\confluent\connect\jdbc\source\TimestampTableQuerier.java">
</file>
<file name="D:\02-1.BadaV2-1\connect\kafka-connect-jdbc-v1\src\main\java\io\confluent\connect\jdbc\util\BytesUtil.java">
</file>
<file name="D:\02-1.BadaV2-1\connect\kafka-connect-jdbc-v1\src\main\java\io\confluent\connect\jdbc\util\CachedConnectionProvider.java">
</file>
<file name="D:\02-1.BadaV2-1\connect\kafka-connect-jdbc-v1\src\main\java\io\confluent\connect\jdbc\util\ColumnDefinition.java">
</file>
<file name="D:\02-1.BadaV2-1\connect\kafka-connect-jdbc-v1\src\main\java\io\confluent\connect\jdbc\util\ColumnId.java">
</file>
<file name="D:\02-1.BadaV2-1\connect\kafka-connect-jdbc-v1\src\main\java\io\confluent\connect\jdbc\util\ConfigUtils.java">
</file>
<file name="D:\02-1.BadaV2-1\connect\kafka-connect-jdbc-v1\src\main\java\io\confluent\connect\jdbc\util\ConnectionProvider.java">
</file>
<file name="D:\02-1.BadaV2-1\connect\kafka-connect-jdbc-v1\src\main\java\io\confluent\connect\jdbc\util\DatabaseDialectRecommender.java">
</file>
<file name="D:\02-1.BadaV2-1\connect\kafka-connect-jdbc-v1\src\main\java\io\confluent\connect\jdbc\util\DateTimeUtils.java">
</file>
<file name="D:\02-1.BadaV2-1\connect\kafka-connect-jdbc-v1\src\main\java\io\confluent\connect\jdbc\util\DeleteEnabledRecommender.java">
</file>
<file name="D:\02-1.BadaV2-1\connect\kafka-connect-jdbc-v1\src\main\java\io\confluent\connect\jdbc\util\EnumRecommender.java">
</file>
<file name="D:\02-1.BadaV2-1\connect\kafka-connect-jdbc-v1\src\main\java\io\confluent\connect\jdbc\util\ExpressionBuilder.java">
</file>
<file name="D:\02-1.BadaV2-1\connect\kafka-connect-jdbc-v1\src\main\java\io\confluent\connect\jdbc\util\IdentifierRules.java">
</file>
<file name="D:\02-1.BadaV2-1\connect\kafka-connect-jdbc-v1\src\main\java\io\confluent\connect\jdbc\util\JdbcDriverInfo.java">
</file>
<file name="D:\02-1.BadaV2-1\connect\kafka-connect-jdbc-v1\src\main\java\io\confluent\connect\jdbc\util\LruCache.java">
</file>
<file name="D:\02-1.BadaV2-1\connect\kafka-connect-jdbc-v1\src\main\java\io\confluent\connect\jdbc\util\PrimaryKeyModeRecommender.java">
</file>
<file name="D:\02-1.BadaV2-1\connect\kafka-connect-jdbc-v1\src\main\java\io\confluent\connect\jdbc\util\QuoteMethod.java">
</file>
<file name="D:\02-1.BadaV2-1\connect\kafka-connect-jdbc-v1\src\main\java\io\confluent\connect\jdbc\util\StringUtils.java">
</file>
<file name="D:\02-1.BadaV2-1\connect\kafka-connect-jdbc-v1\src\main\java\io\confluent\connect\jdbc\util\TableDefinition.java">
</file>
<file name="D:\02-1.BadaV2-1\connect\kafka-connect-jdbc-v1\src\main\java\io\confluent\connect\jdbc\util\TableDefinitions.java">
</file>
<file name="D:\02-1.BadaV2-1\connect\kafka-connect-jdbc-v1\src\main\java\io\confluent\connect\jdbc\util\TableId.java">
</file>
<file name="D:\02-1.BadaV2-1\connect\kafka-connect-jdbc-v1\src\main\java\io\confluent\connect\jdbc\util\TableType.java">
</file>
<file name="D:\02-1.BadaV2-1\connect\kafka-connect-jdbc-v1\src\main\java\io\confluent\connect\jdbc\util\TimeZoneValidator.java">
</file>
<file name="D:\02-1.BadaV2-1\connect\kafka-connect-jdbc-v1\src\main\java\io\confluent\connect\jdbc\util\Version.java">
</file>
<file name="D:\02-1.BadaV2-1\connect\kafka-connect-jdbc-v1\src\main\java\io\confluent\connect\jdbc\V2JdbcSinkConnector.java">
</file>
</checkstyle>
